Moravská Nová Ves, rez cez ulicu Hlavní - nám. Republiky - Dolní;;;;;;
;;;;;;
adresa;objekt;pevnost;DoD;IF;X;pozn.
Hlavní 574;BN;T-;1;0+;0;
Hlavní 52;BN;T-;1;0+;25;
Hlavní 494;BN;T-;1;0+;40;
Hlavní 51;BN;T-;1;0+;60;
Hlavní 367;BN;T-;1;0+;70;
Hlavní 50;BN;T-;1;0+;80;
Hlavní 269;BN;T-;1;0+;95;
Hlavní 49;BN;T-;2;1-;105;
Hlavní 48;BN;T-;2;1-;135;
Hlavní 19;BN;T-;2;1-;160;
Hlavní 19;BN;T+;1;1-;175;
Hlavní 473;BN;T+;1;1-;195;
Hlavní 18;BN;T+;1;1-;210;
Hlavní 265;BN;T+;2;1-;225;
Hlavní 94;BN;S+;3;1+;230;
Hlavní 17;BN;T-;3;1;240;
Hlavní 96;BN;T-;3;1;250;
Hlavní 97;BN;T-;3;1;260;
Hlavní 98;BR;E;2;2+;275;
Hlavní 99;BR;D;2;2;285;
Hlavní 14;BR;D;2;2;290;
Hlavní 101;BR;E;1;2;310;
Hlavní 102;BR;D;2;2;325;
Nám. republiky;BR;E;2;2+;335; church sv. Jakuba
Nám. republiky;T;3;4;2;345;snapped tree
Nám. republiky;T;4;5;3;350;debranched tree
Nám. republiky;V;C;3;2+;350;
Nám. republiky 12;BR;E;2;2+;365;
Nám. republiky 832;B;E;1;3;385;house in the back
Nám. republiky 1085;BR;E;1;2;405;
Nám. republiky;T;4;5;3;410;debranched tree
Nám. republiky;T;4;5;3;415;debranched tree
Nám. republiky 9;BR;D;2;2;425;
Nám. republiky 8;BR;D;2;2;440;
Nám. republiky 7;BR;D;2;2;455;
Nám. republiky;T;3;5;3;455;debranched tree
Nám. republiky 267;BN;T+;3;1+;465;
Nám republiky;T;3;5;3;470;debranched tree
Nám. republiky 743;B;D;1;3;475;
Nám. republiky;T;3;5;3;490;debranched tree
Nám. republiky 5;BR;E;2;2+;500;
Dolní 239;BR;E;2;2+;530;
Dolní;T;3;4;2;545;snapped tree
Dolní 502;BN;T+;2;1;555;
Dolní 591;BN;T+;2;1;570;
Dolní 121;BN;T+;2;1;580;
Dolní 1069;BN;T+;2;1;590;
Dolní 234;BR;E;1;2;615;
Dolní;T;4;2;1;615;branches down
Dolní;T;3;5;3;615;debranched tree
Dolní 233;BN;T+;3;1+;640;
Dolní;T;3;2;1-;655;
Dolní 232;BN;T-;3;1;660;
Dolní 231;BN;T-;3;1;670;
Dolní;TR;3;;1-;685;
Dolní 127;BN;T+;3;1+;695;
Dolní 128;BR;D;1;2-;705;
Dolní 129;BN;T+;2;1+;715;
Dolní;T;3;2;1-;730;
Dolní 130;BR;D;2;2;735;
Dolní 554;BR;D;1;2-;750;
Dolní 131;BN;T-;2;1-;765;
Dolní 223;BN;T-;2;1-;790;
Dolní 134;BN;T-;2;1-;810;
Dolní 270;BN;T-;3;1;825;
Dolní 220;BN;T+;1;1-;845;
Dolní 138;BN;T-;3;1;855;
Dolní 137;BN;T-;3;1;870;
Dolní 115;BN;T-;2;1-;880;
Dolní 139;BN;T-;2;1-;890;
Dolní 140;BN;T+;1;1-;900;
Dolní 141;BN;T+;1;1-;915;
Dolní 1010;BN;T+;1;1-;940;
