Mikulčice, od ulice Tešická pozdĺž ulice U školy, cez železnicu do oblasti Tešické búdy (smer JJV->SSZ);;;;;;
;;;;;;
adresa;objekt;pevnost;DoD;IF;X;pozn.
Tešická 201;BN;T-;1;0+;0;kulna
Tešická 160;BN;T-;1;0+;80;kulna
U Školky 170;BN;T+;1;1-;135;
U Školky 170;TR;4;;2-;135;osamotený prevrátený strom aj s koreňom, nemožno zistiť požadované detaily, zdá sa nadhodnotenie oproti okolitým škodám
U Školky 174;BN;T+;1;1-;135;
U Školky 546;BN;T+;1;1-;175;
U Školky 174;BN;S+;1;1;175;
U Školky 177;BN;T+;1;1-;210;
U Školky 179;BN;T+;2;1;240;
U Školky 570;BN;T+;3;1+;270;spadnutý tehlový štít, no kvalita slabá
U Školky 539;BN;T+;1;1-;285;
U Školky 537;BN;T+;1;1-;300;
U Školky 556;BN;S+;3;1+;300;
U Školky 556;T;4;5;3;300;listnaté stromy pred škôlkou, strom na okraji aleje, zdá sa nadhodnotené oproti okoliu
U Školky 536;BN;T+;1;1-;315;
U Školky 538;BN;T+;2;1;335;
U Školky 527;BR;E;1;2;355;google uvádza adresu 184, no také číslo má aj inde, mapy cz majú správne 527
U Školky 527;T;3;5;3;380;les za domom 527 smerom k železnici, prevažne listnatý, veľa stromov v kategórii
Moravská/U Školky 180;BN;T+;3;1+;380;
Moravská 531;BN;T+;3;1+;420;
Moravská 540;BN;T+;3;1+;420;
Moravská 548;BR;F;2;3;420;
Moravská 181;BR;E;2;2+;420;
Moravská 562;BR;F;2;3;420;
Moravská 531/548;BR;D;2;2;435;
NA;T;3;6;3;490;hneď za železnicou
ev. 170;T;3;7;4;510;vidno aj na Tomášovej fotke 8578, aj na leteckom prieskume LR
ev. 170;V;C;3;2+;520;dve autá doničené, jasné známky viacnásobného prevrátenia, možno aj letu
ev. 170;B;D;2;4;525;
ev. 170;V;L;3;3+;530;autobus
NA;T;3;6;3;550;stromy pri ceste
ev. 173;B;C;1;2+;580;
ev. 173;T;4;5;3;590;na druhej strane bočnej cesty oproti danej adrese sú stromy bez korún
ev. 174;B;D;1;3;595;
ev. 175;BN;T+;3;1+;605;
ev. 140;BN;T-;1;0+;645;
ev. 175;T;3;2;1-;630;stromy za domom 175, poškodené koruny, úplne odlistené, niektoré stromy zrejme chýbajú
ev. 141;BN;T+;2;1;650;
ev. 142;BN;T-;1;0+;655;
ev. 143;BN;T+;1;1-;670;
ev. 176;TR;4;;2-;675;minimálne dva väčšie osamotené spadnuté stromy vpravo od cesty (v  rámci tej Y-križovatky), na záberoch z lietadla podla mapy cz chýbajú všetky v oblasti
ev. 176;BN;T+;2;1;685;
ev. 144;BN;T+;1;1-;690;
ev. 145;T;4;2;1;695;zlomený osamotený orech niekde v polovici cca v úrovni striech domov, no len časť koruny zlomená
ev. 177;BN;T+;1;1-;695;
ev. 178;BN;T+;1;1-;700;
ev. 179;BN;T+;2;1;725;strecha domu dalej od cesty je zrejme väčšina preč
ev. 146;BN;T+;1;1-;745;
ev. 148;BN;T+;1;1-;765;
;;;;;;
ev. 151;BN;T+;1;1-;790;nepoužívať, nemožno určiť, či ide o škody z letiacich trosiek
