Hrušky - ul. Hlavní a okolí;;;    ;;     ;
;;;    ;;     ;
adresa;objekt;pevnost;    ;IF;     ;pozn.
Týnecká 426;BN;T;   1;0+;    0;
Týnecká 599;BN;T;   2;1;   15;
Týnecká 500;BN;S;   3;1-;   25;
Týnecká 434;BN;T;   2;1;   50;
Týnecká 441;BN;T;   2;1;   70;
Týnecká 628;BN;T;   2;1;   35;
Týnecká 370;BN;T;   3;1;   60;
Hlavní NA;BR;D;   2;2;  180;
Hlavní 228;BN;T;   2;1+;  210;
Hlavní 118;BR;D;   2;2;  250;
NA;BR;D;   2;2;  200;*kůlna o domu č.p. 172
U Dráhy 172;B;D;   1;3;  225;
Hlavní 132;BN;T;   2;1+;  250;
Hlavní 66;BR;E;   2;2+;  260;
Hlavní 65;BN;T;   2;1+;  275;
(parčík);T;4;   5;3;  300;
Hlavní 62;BR;E;   2;2+;  300;
Hlavní 61;B;D;   1;3;  320;
Hlavní 75;BR;E;   2;2+;  340;
Hlavní 261;B;C;   2;3;  355;
Hlavní 76;BR;E;   2;2+;  365;
Hlavní 77;BR;E;   2;2+;  375;
Hlavní 78;BR;E;   2;3;  395;
Hlavní 79;BR;E;   2;2+;  420;
Hlavní 80;BR;E;   2;3;  435;
Hlavní 58;BR;E;   2;2+;  380;
Hlavní 57;BR;E;   2;2+;  400;
Hlavní 56;BR;E;   2;2+;  415;
Hlavní 55;BN;T;   2;2;  435;
Hlavní 54;BN;T;   2;2;  455;
Hlavní 53;BR;E;   2;2+;  470;
Hlavní 83;BR;E;   1;2;  480;
Hlavní 84;BR;E;   1;2;  500;
NA;BR;F;   2;3;  490;*mateřská škola
Hlavní 51;BN;T;   3;2;  505;
Hlavní 50;BN;T;   3;1+;  525;
Hlavní 85;BN;T;   2;1;  530;
Hlavní 86;BN;T;   2;1;  545;
Hlavní 87;BR;E;   1;2;  560;
Hlavní 49;BN;T;   3;1+;  540;
Hlavní 48;BN;T;   3;1+;  555;
Hlavní 47;BN;T;   2;1;  570;
Hlavní 46;BR;E;   1;2;  580;
Hlavní 89;BR;E;   1;2;  575;
Hlavní 90;BR;E;   1;2;  595;
Hlavní 45;BN;T;   2;1;  600;
Hlavní 44;BN;T;   2;1;  615;
NA;BR;E;   1;2;  615;*přístavba u domu č.p. 44
Hlavní 43;BN;T;   2;1;  630;
Hlavní 42;BN;T;   2;1;  645;
Hlavní 93;BR;E;   1;2;  620;
Hlavní ZŠ;BR;E;   1;2;  645;
Hlavní-kostel;BR;E;   1;2;  690;
Hlavní 40;BN;T;   2;1;  680;
Hlavní 39;BN;T;   2;1;  695;
NA;BR;E;   2;3;  695;*přístavba u domu č.p. 39
Hlavní 37;BN;T;   2;1;  730;
Hlavní 34;BN;T;   2;1;  780;
Hlavní 105;BN;T;   2;1;  785;
Hlavní 106;BN;T;   1;1-;  800;
Hlavní 107;BN;T;   1;1-;  810;
Hlavní 201;BN;T;   2;1-;  840;
Hlavní 109;BN;T;   2;1;  855;
Hlavní 111;BN;T;   1;0+;  880;
Hlavní 113;BN;T;   1;0+;  905;
Hlavní  32;BN;T;   2;1;  810;
Hlavní 31;BN;T;   2;1;  830;
Hlavní 29;BN;T-;   1;0+;  855;
Hlavní 27;BN;T-;   1;0+;  880;
Hlavní 25;BN;T-;   1;0+;  910;
U Pálenice 10;BN;T-;   1;0+;  960;
Hlavní 71;BN;T-;   1; 0+; 1035;
Hlavní 185;BN;T-;   1;0+; 1175;
U Zbrojnice;BN;S-;   1;0+; 1195;
NA;T;3;   2;1-;  180;
NA;T;3;   4;2;  220;
NA;T;3;   5;3;  320;
NA;T;4;   5;3;  360;
NA;T;3;   4;2;  470;
NA;T;3;   3;1+;  500;
NA;T;3;   2;1-;  620;
NA;T;3;   2;1-;  660;
NA;T;2;   2;0+;  740;
NA;T;2;   2;0+;  920;
NA;V;C;   3;2+;  360;vícero aut poházených od ulice po zahrady
NA;V;C;   3;2+;  395;
NA;V;E;   3;2+;  390;
NA;V;C;   2;2-;  470;
