Mikulčice-náves(cca. obecní úřad-hřbitov);;;;;;
;;;;;x je souřadnice v metrech od obecního úřadu(zaokrouhleno po 5 metrech);
adresa;objekt;pevnost;DoD;IF;X;pozn.
245;BN;T;1;0+;0;
254;BR;C;1;1+;75;
466;BR;D;1;2-;115;
252;BN;T;2;1;60;
464;BN;S;1;1;120;
462;BN;T;1;1-;145;
460;BN;T;2;1;165;
NA;BN;T;2;1;145;
461;BR;DE;2;2+;185;
458;BR;D;1;2-;195;
456;BR;CD;1;2-;210;
455;BR;D;2;2;225;
453;BR;D;2;2;235;
451;B;D;1;3;245;
449;BR;E;2;2+;255;
447;B;D;2;4;270;*krom střechy chybí celé horní poschodí
445;BR;DE;2;2+;285;
443;B;D;1;3;305;
743;B;D;1;3;230;
NA;B;D;2;4;245;*explodovaný domek na návsi
ev.55 a;BN;T;3;1+;325;
ev.55 b;BN;T;3;1+;330;
ev.55 c;BR;E;2;2+;335;
ev.55 d;BR;E;1;2;340;
ev.55 e;BR;DE;1;2;355;
ev.61 a;BN;T;2;1;370;
ev.61 b;BR;E;1;2;380;
ev.61 c;BN;T;3;1+;385;
ev.61 d;BN;T;3;1+;395;
NA;T;3;3;1+;50;
NA;T;3;2;1-;95;
NA;T;3;4;2;270;
NA;T;4;5;3;285;
NA;T;3;2;1-;360;
NA;T;2;2;0+;400;
NA;T;2;2;0+;480;
