Lužice - ul. Důlní a okolí;;;;;;
;;;;;x je souřadnice v metrech od přejezdu vpravo od domů ve směru postupu tornáda(zaokrouhleno po 5 metrech);
adresa;objekt;pevnost;DoD;IF;X;pozn.
Důlní;L;;2;1;0;
Důlní;BN;T+;;1-;0;
Důlní;T;3;4;2;40;
Důlní 702/16;B;EF;1;4;80;
Důlní 705/14;B;EF;1;4;90;
Důlní 745/19;BR;EF;2;3;70;
Důlní 704/17;BR;EF;2;3;90;
Důlní 777/15;BR;EF;2;3;100;
Důlní 672/12;B;D;1;3;110;
Důlní 555/10;B;D;1;3;125;
Důlní 695/13;BR;E;1;2;120;
Důlní 696/11;BR;E;1;2;130;
Důlní 595/8;BR;E;1;2;145;
Důlní 693/9;BR;E;1;2;150;
Důlní 703/7;BR;E;1;2;160;
Důlní 110/6;BR;E;1;2;160;
Důlní 688/4;BR;E;1;2;180;
Důlní 691/5;BN;S;2;1+;175;
Důlní 730/3;BN;S;1;1;190;
NA;BN;T;2;1;225;*kurník?/kůlna?
Velkomoravská 557/343;BN;T;3;1;235;
Velkomoravská 632/294;BN;T;2;1;265;
Velkomoravská 530/296;BN;T;2;1-;265;
Velkomoravská 715/290;BN;T;1;0+;270;
Velkomoravská 425/288;BN;T;1;0+;270;
Velkomoravská 426/286;BN;T;1;0+;275;
